sensor,Reliability of Identifications (%),Reliability of Non-Emission Identifications (%)
Andium,94.6236559139785,60.0
Canary,90.9090909090909,96.15384615384616
Ecoteco,73.45309381237524,29.36802973977695
Kuva,95.74468085106383,43.47826086956522
Oiler,97.22222222222221,28.000000000000004
Qube,86.20689655172413,47.89915966386555
Sensirion,84.21052631578947,90.66666666666666
