sensor,Reliability of Identifications (%),Reliability of Non-Emission Identifications (%)
Andium,94.6236559139785,60.0
Canary,90.9090909090909,96.15384615384616
Ecoteco,74.5019920318725,28.385899814471244
Kuva,95.74468085106383,43.47826086956522
Oiler,97.22222222222221,28.000000000000004
Qube,87.35632183908046,47.89915966386555
Sensirion,84.21052631578947,86.66666666666667
